Name,Description,Price,Image,Category,Engine size,Make,Stroke,Size,Brand,Gender
Honda 125cc 4 Stroke YZ Dirt Bike (DB-0001),Lightweight Honda 125cc 4 Stroke motocross dirt bike. Ideal for practice days and weekend racing. Dummy data for testing.,3336.23,https://picsum.photos/seed/mg1/800/800,Dirt Bikes,125cc,Honda,4 Stroke,,,
Honda 125cc 4 Stroke CRF Dirt Bike (DB-0002),Race-Ready Honda 125cc 4 Stroke motocross dirt bike. Ideal for practice days and weekend racing. Dummy data for testing.,3061.17,https://picsum.photos/seed/mg2/800/800,Dirt Bikes,125cc,Honda,4 Stroke,,,
Honda 125cc 2 Stroke TC Dirt Bike (DB-0003),Lightweight Honda 125cc 2 Stroke motocross dirt bike. Ideal for practice days and weekend racing. Dummy data for testing.,5194.25,https://picsum.photos/seed/mg3/800/800,Dirt Bikes,125cc,Honda,2 Stroke,,,
Honda 250cc 2 Stroke TC Dirt Bike (DB-0004),Powerful Honda 250cc 2 Stroke motocross dirt bike. Ideal for practice days and weekend racing. Dummy data for testing.,4166.23,https://picsum.photos/seed/mg4/800/800,Dirt Bikes,250cc,Honda,2 Stroke,,,
KTM 125cc 2 Stroke SX Dirt Bike (DB-0005),Well-Maintained KTM 125cc 2 Stroke motocross dirt bike. Ideal for practice days and weekend racing. Dummy data for testing.,3079.30,https://picsum.photos/seed/mg5/800/800,Dirt Bikes,125cc,KTM,2 Stroke,,,
KTM 250cc 2 Stroke TE Dirt Bike (DB-0006),Trail-Tuned KTM 250cc 2 Stroke motocross dirt bike. Ideal for practice days and weekend racing. Dummy data for testing.,8337.69,https://picsum.photos/seed/mg6/800/800,Dirt Bikes,250cc,KTM,2 Stroke,,,
Honda 250cc 4 Stroke KX Dirt Bike (DB-0007),Lightweight Honda 250cc 4 Stroke motocross dirt bike. Ideal for practice days and weekend racing. Dummy data for testing.,6726.43,https://picsum.photos/seed/mg7/800/800,Dirt Bikes,250cc,Honda,4 Stroke,,,
Honda 125cc 4 Stroke SX Dirt Bike (DB-0008),Lightweight Honda 125cc 4 Stroke motocross dirt bike. Ideal for practice days and weekend racing. Dummy data for testing.,7697.90,https://picsum.photos/seed/mg8/800/800,Dirt Bikes,125cc,Honda,4 Stroke,,,
KTM 250cc 4 Stroke KX Dirt Bike (DB-0009),Freshly-Serviced KTM 250cc 4 Stroke motocross dirt bike. Ideal for practice days and weekend racing. Dummy data for testing.,4720.09,https://picsum.photos/seed/mg9/800/800,Dirt Bikes,250cc,KTM,4 Stroke,,,
KTM 125cc 2 Stroke EXC Dirt Bike (DB-0010),Lightweight KTM 125cc 2 Stroke motocross dirt bike. Ideal for practice days and weekend racing. Dummy data for testing.,3479.41,https://picsum.photos/seed/mg10/800/800,Dirt Bikes,125cc,KTM,2 Stroke,,,
KTM 250cc 2 Stroke KX Dirt Bike (DB-0011),Race-Ready KTM 250cc 2 Stroke motocross dirt bike. Ideal for practice days and weekend racing. Dummy data for testing.,3873.29,https://picsum.photos/seed/mg11/800/800,Dirt Bikes,250cc,KTM,2 Stroke,,,
KTM 125cc 4 Stroke RM Dirt Bike (DB-0012),Trail-Tuned KTM 125cc 4 Stroke motocross dirt bike. Ideal for practice days and weekend racing. Dummy data for testing.,3764.90,https://picsum.photos/seed/mg12/800/800,Dirt Bikes,125cc,KTM,4 Stroke,,,
Honda 250cc 4 Stroke TC Dirt Bike (DB-0013),Track-Prepped Honda 250cc 4 Stroke motocross dirt bike. Ideal for practice days and weekend racing. Dummy data for testing.,3356.23,https://picsum.photos/seed/mg13/800/800,Dirt Bikes,250cc,Honda,4 Stroke,,,
Honda 125cc 4 Stroke TC Dirt Bike (DB-0014),Well-Maintained Honda 125cc 4 Stroke motocross dirt bike. Ideal for practice days and weekend racing. Dummy data for testing.,4670.98,https://picsum.photos/seed/mg14/800/800,Dirt Bikes,125cc,Honda,4 Stroke,,,
KTM 125cc 2 Stroke CRF Dirt Bike (DB-0015),Trail-Tuned KTM 125cc 2 Stroke motocross dirt bike. Ideal for practice days and weekend racing. Dummy data for testing.,3416.05,https://picsum.photos/seed/mg15/800/800,Dirt Bikes,125cc,KTM,2 Stroke,,,
KTM 125cc 2 Stroke TC Dirt Bike (DB-0016),Well-Maintained KTM 125cc 2 Stroke motocross dirt bike. Ideal for practice days and weekend racing. Dummy data for testing.,6074.33,https://picsum.photos/seed/mg16/800/800,Dirt Bikes,125cc,KTM,2 Stroke,,,
KTM 250cc 2 Stroke SX Dirt Bike (DB-0017),Agile KTM 250cc 2 Stroke motocross dirt bike. Ideal for practice days and weekend racing. Dummy data for testing.,7110.59,https://picsum.photos/seed/mg17/800/800,Dirt Bikes,250cc,KTM,2 Stroke,,,
Honda 250cc 4 Stroke TC Dirt Bike (DB-0018),Freshly-Serviced Honda 250cc 4 Stroke motocross dirt bike. Ideal for practice days and weekend racing. Dummy data for testing.,5221.34,https://picsum.photos/seed/mg18/800/800,Dirt Bikes,250cc,Honda,4 Stroke,,,
Honda 250cc 2 Stroke RM Dirt Bike (DB-0019),Lightweight Honda 250cc 2 Stroke motocross dirt bike. Ideal for practice days and weekend racing. Dummy data for testing.,3416.04,https://picsum.photos/seed/mg19/800/800,Dirt Bikes,250cc,Honda,2 Stroke,,,
Honda 125cc 4 Stroke TE Dirt Bike (DB-0020),Race-Ready Honda 125cc 4 Stroke motocross dirt bike. Ideal for practice days and weekend racing. Dummy data for testing.,3170.21,https://picsum.photos/seed/mg20/800/800,Dirt Bikes,125cc,Honda,4 Stroke,,,
KTM 250cc 2 Stroke CRF Dirt Bike (DB-0021),Lightweight KTM 250cc 2 Stroke motocross dirt bike. Ideal for practice days and weekend racing. Dummy data for testing.,7767.06,https://picsum.photos/seed/mg21/800/800,Dirt Bikes,250cc,KTM,2 Stroke,,,
Honda 125cc 4 Stroke SX Dirt Bike (DB-0022),Freshly-Serviced Honda 125cc 4 Stroke motocross dirt bike. Ideal for practice days and weekend racing. Dummy data for testing.,3269.35,https://picsum.photos/seed/mg22/800/800,Dirt Bikes,125cc,Honda,4 Stroke,,,
Honda 250cc 4 Stroke TC Dirt Bike (DB-0023),Lightweight Honda 250cc 4 Stroke motocross dirt bike. Ideal for practice days and weekend racing. Dummy data for testing.,8072.48,https://picsum.photos/seed/mg23/800/800,Dirt Bikes,250cc,Honda,4 Stroke,,,
KTM 125cc 4 Stroke KX Dirt Bike (DB-0024),Track-Prepped KTM 125cc 4 Stroke motocross dirt bike. Ideal for practice days and weekend racing. Dummy data for testing.,7896.68,https://picsum.photos/seed/mg24/800/800,Dirt Bikes,125cc,KTM,4 Stroke,,,
Honda 250cc 2 Stroke YZ Dirt Bike (DB-0025),Trail-Tuned Honda 250cc 2 Stroke motocross dirt bike. Ideal for practice days and weekend racing. Dummy data for testing.,4527.51,https://picsum.photos/seed/mg25/800/800,Dirt Bikes,250cc,Honda,2 Stroke,,,
Honda 125cc 2 Stroke SX Dirt Bike (DB-0026),Race-Ready Honda 125cc 2 Stroke motocross dirt bike. Ideal for practice days and weekend racing. Dummy data for testing.,3872.65,https://picsum.photos/seed/mg26/800/800,Dirt Bikes,125cc,Honda,2 Stroke,,,
KTM 125cc 2 Stroke YZ Dirt Bike (DB-0027),Agile KTM 125cc 2 Stroke motocross dirt bike. Ideal for practice days and weekend racing. Dummy data for testing.,6512.87,https://picsum.photos/seed/mg27/800/800,Dirt Bikes,125cc,KTM,2 Stroke,,,
Honda 125cc 4 Stroke YZ Dirt Bike (DB-0028),Track-Prepped Honda 125cc 4 Stroke motocross dirt bike. Ideal for practice days and weekend racing. Dummy data for testing.,7343.98,https://picsum.photos/seed/mg28/800/800,Dirt Bikes,125cc,Honda,4 Stroke,,,
Honda 125cc 2 Stroke TC Dirt Bike (DB-0029),Powerful Honda 125cc 2 Stroke motocross dirt bike. Ideal for practice days and weekend racing. Dummy data for testing.,5040.47,https://picsum.photos/seed/mg29/800/800,Dirt Bikes,125cc,Honda,2 Stroke,,,
Honda 250cc 2 Stroke CRF Dirt Bike (DB-0030),Well-Maintained Honda 250cc 2 Stroke motocross dirt bike. Ideal for practice days and weekend racing. Dummy data for testing.,6868.28,https://picsum.photos/seed/mg30/800/800,Dirt Bikes,250cc,Honda,2 Stroke,,,
Honda 125cc 2 Stroke YZ Dirt Bike (DB-0031),Track-Prepped Honda 125cc 2 Stroke motocross dirt bike. Ideal for practice days and weekend racing. Dummy data for testing.,3340.09,https://picsum.photos/seed/mg31/800/800,Dirt Bikes,125cc,Honda,2 Stroke,,,
KTM 125cc 4 Stroke YZ Dirt Bike (DB-0032),Trail-Tuned KTM 125cc 4 Stroke motocross dirt bike. Ideal for practice days and weekend racing. Dummy data for testing.,5157.78,https://picsum.photos/seed/mg32/800/800,Dirt Bikes,125cc,KTM,4 Stroke,,,
Honda 125cc 2 Stroke SX Dirt Bike (DB-0033),Lightweight Honda 125cc 2 Stroke motocross dirt bike. Ideal for practice days and weekend racing. Dummy data for testing.,3496.87,https://picsum.photos/seed/mg33/800/800,Dirt Bikes,125cc,Honda,2 Stroke,,,
KTM 250cc 2 Stroke TC Dirt Bike (DB-0034),Race-Ready KTM 250cc 2 Stroke motocross dirt bike. Ideal for practice days and weekend racing. Dummy data for testing.,3486.82,https://picsum.photos/seed/mg34/800/800,Dirt Bikes,250cc,KTM,2 Stroke,,,
KTM 125cc 4 Stroke TE Dirt Bike (DB-0035),Agile KTM 125cc 4 Stroke motocross dirt bike. Ideal for practice days and weekend racing. Dummy data for testing.,5037.04,https://picsum.photos/seed/mg35/800/800,Dirt Bikes,125cc,KTM,4 Stroke,,,
Honda 250cc 2 Stroke RM Dirt Bike (DB-0036),Lightweight Honda 250cc 2 Stroke motocross dirt bike. Ideal for practice days and weekend racing. Dummy data for testing.,8311.26,https://picsum.photos/seed/mg36/800/800,Dirt Bikes,250cc,Honda,2 Stroke,,,
KTM 125cc 2 Stroke CRF Dirt Bike (DB-0037),Track-Prepped KTM 125cc 2 Stroke motocross dirt bike. Ideal for practice days and weekend racing. Dummy data for testing.,5516.10,https://picsum.photos/seed/mg37/800/800,Dirt Bikes,125cc,KTM,2 Stroke,,,
Honda 125cc 2 Stroke EXC Dirt Bike (DB-0038),Trail-Tuned Honda 125cc 2 Stroke motocross dirt bike. Ideal for practice days and weekend racing. Dummy data for testing.,6069.21,https://picsum.photos/seed/mg38/800/800,Dirt Bikes,125cc,Honda,2 Stroke,,,
KTM 125cc 2 Stroke YZ Dirt Bike (DB-0039),Race-Ready KTM 125cc 2 Stroke motocross dirt bike. Ideal for practice days and weekend racing. Dummy data for testing.,6215.29,https://picsum.photos/seed/mg39/800/800,Dirt Bikes,125cc,KTM,2 Stroke,,,
KTM 250cc 4 Stroke YZ Dirt Bike (DB-0040),Powerful KTM 250cc 4 Stroke motocross dirt bike. Ideal for practice days and weekend racing. Dummy data for testing.,3931.12,https://picsum.photos/seed/mg40/800/800,Dirt Bikes,250cc,KTM,4 Stroke,,,
Honda 250cc 4 Stroke TE Dirt Bike (DB-0041),Powerful Honda 250cc 4 Stroke motocross dirt bike. Ideal for practice days and weekend racing. Dummy data for testing.,8073.11,https://picsum.photos/seed/mg41/800/800,Dirt Bikes,250cc,Honda,4 Stroke,,,
Honda 125cc 4 Stroke SX Dirt Bike (DB-0042),Trail-Tuned Honda 125cc 4 Stroke motocross dirt bike. Ideal for practice days and weekend racing. Dummy data for testing.,5724.81,https://picsum.photos/seed/mg42/800/800,Dirt Bikes,125cc,Honda,4 Stroke,,,
Honda 250cc 4 Stroke SX Dirt Bike (DB-0043),Lightweight Honda 250cc 4 Stroke motocross dirt bike. Ideal for practice days and weekend racing. Dummy data for testing.,4716.16,https://picsum.photos/seed/mg43/800/800,Dirt Bikes,250cc,Honda,4 Stroke,,,
KTM 125cc 4 Stroke CRF Dirt Bike (DB-0044),Agile KTM 125cc 4 Stroke motocross dirt bike. Ideal for practice days and weekend racing. Dummy data for testing.,8089.54,https://picsum.photos/seed/mg44/800/800,Dirt Bikes,125cc,KTM,4 Stroke,,,
Honda 125cc 4 Stroke SX Dirt Bike (DB-0045),Trail-Tuned Honda 125cc 4 Stroke motocross dirt bike. Ideal for practice days and weekend racing. Dummy data for testing.,6953.50,https://picsum.photos/seed/mg45/800/800,Dirt Bikes,125cc,Honda,4 Stroke,,,
KTM 125cc 4 Stroke YZ Dirt Bike (DB-0046),Powerful KTM 125cc 4 Stroke motocross dirt bike. Ideal for practice days and weekend racing. Dummy data for testing.,3720.58,https://picsum.photos/seed/mg46/800/800,Dirt Bikes,125cc,KTM,4 Stroke,,,
KTM 250cc 4 Stroke CRF Dirt Bike (DB-0047),Trail-Tuned KTM 250cc 4 Stroke motocross dirt bike. Ideal for practice days and weekend racing. Dummy data for testing.,6304.71,https://picsum.photos/seed/mg47/800/800,Dirt Bikes,250cc,KTM,4 Stroke,,,
Honda 250cc 2 Stroke KX Dirt Bike (DB-0048),Freshly-Serviced Honda 250cc 2 Stroke motocross dirt bike. Ideal for practice days and weekend racing. Dummy data for testing.,6321.68,https://picsum.photos/seed/mg48/800/800,Dirt Bikes,250cc,Honda,2 Stroke,,,
Honda 250cc 4 Stroke TC Dirt Bike (DB-0049),Race-Ready Honda 250cc 4 Stroke motocross dirt bike. Ideal for practice days and weekend racing. Dummy data for testing.,3170.24,https://picsum.photos/seed/mg49/800/800,Dirt Bikes,250cc,Honda,4 Stroke,,,
Honda 125cc 4 Stroke EXC Dirt Bike (DB-0050),Well-Maintained Honda 125cc 4 Stroke motocross dirt bike. Ideal for practice days and weekend racing. Dummy data for testing.,3263.67,https://picsum.photos/seed/mg50/800/800,Dirt Bikes,125cc,Honda,4 Stroke,,,
KTM 250cc 2 Stroke KX Dirt Bike (DB-0051),Lightweight KTM 250cc 2 Stroke motocross dirt bike. Ideal for practice days and weekend racing. Dummy data for testing.,6591.40,https://picsum.photos/seed/mg51/800/800,Dirt Bikes,250cc,KTM,2 Stroke,,,
KTM 125cc 4 Stroke EXC Dirt Bike (DB-0052),Lightweight KTM 125cc 4 Stroke motocross dirt bike. Ideal for practice days and weekend racing. Dummy data for testing.,7686.63,https://picsum.photos/seed/mg52/800/800,Dirt Bikes,125cc,KTM,4 Stroke,,,
KTM 125cc 2 Stroke EXC Dirt Bike (DB-0053),Powerful KTM 125cc 2 Stroke motocross dirt bike. Ideal for practice days and weekend racing. Dummy data for testing.,7193.32,https://picsum.photos/seed/mg53/800/800,Dirt Bikes,125cc,KTM,2 Stroke,,,
Honda 250cc 4 Stroke EXC Dirt Bike (DB-0054),Trail-Tuned Honda 250cc 4 Stroke motocross dirt bike. Ideal for practice days and weekend racing. Dummy data for testing.,4794.25,https://picsum.photos/seed/mg54/800/800,Dirt Bikes,250cc,Honda,4 Stroke,,,
KTM 125cc 2 Stroke YZ Dirt Bike (DB-0055),Track-Prepped KTM 125cc 2 Stroke motocross dirt bike. Ideal for practice days and weekend racing. Dummy data for testing.,4596.95,https://picsum.photos/seed/mg55/800/800,Dirt Bikes,125cc,KTM,2 Stroke,,,
Honda 125cc 2 Stroke YZ Dirt Bike (DB-0056),Well-Maintained Honda 125cc 2 Stroke motocross dirt bike. Ideal for practice days and weekend racing. Dummy data for testing.,4468.57,https://picsum.photos/seed/mg56/800/800,Dirt Bikes,125cc,Honda,2 Stroke,,,
KTM 125cc 4 Stroke TC Dirt Bike (DB-0057),Powerful KTM 125cc 4 Stroke motocross dirt bike. Ideal for practice days and weekend racing. Dummy data for testing.,8134.42,https://picsum.photos/seed/mg57/800/800,Dirt Bikes,125cc,KTM,4 Stroke,,,
KTM 125cc 2 Stroke RM Dirt Bike (DB-0058),Race-Ready KTM 125cc 2 Stroke motocross dirt bike. Ideal for practice days and weekend racing. Dummy data for testing.,3149.42,https://picsum.photos/seed/mg58/800/800,Dirt Bikes,125cc,KTM,2 Stroke,,,
KTM 250cc 4 Stroke TC Dirt Bike (DB-0059),Trail-Tuned KTM 250cc 4 Stroke motocross dirt bike. Ideal for practice days and weekend racing. Dummy data for testing.,4810.17,https://picsum.photos/seed/mg59/800/800,Dirt Bikes,250cc,KTM,4 Stroke,,,
KTM 125cc 2 Stroke TC Dirt Bike (DB-0060),Race-Ready KTM 125cc 2 Stroke motocross dirt bike. Ideal for practice days and weekend racing. Dummy data for testing.,5618.52,https://picsum.photos/seed/mg60/800/800,Dirt Bikes,125cc,KTM,2 Stroke,,,
KTM 125cc 4 Stroke SX Dirt Bike (DB-0061),Powerful KTM 125cc 4 Stroke motocross dirt bike. Ideal for practice days and weekend racing. Dummy data for testing.,6237.93,https://picsum.photos/seed/mg61/800/800,Dirt Bikes,125cc,KTM,4 Stroke,,,
KTM 125cc 4 Stroke TC Dirt Bike (DB-0062),Powerful KTM 125cc 4 Stroke motocross dirt bike. Ideal for practice days and weekend racing. Dummy data for testing.,4913.40,https://picsum.photos/seed/mg62/800/800,Dirt Bikes,125cc,KTM,4 Stroke,,,
Honda 250cc 2 Stroke TC Dirt Bike (DB-0063),Well-Maintained Honda 250cc 2 Stroke motocross dirt bike. Ideal for practice days and weekend racing. Dummy data for testing.,6562.91,https://picsum.photos/seed/mg63/800/800,Dirt Bikes,250cc,Honda,2 Stroke,,,
KTM 125cc 4 Stroke CRF Dirt Bike (DB-0064),Agile KTM 125cc 4 Stroke motocross dirt bike. Ideal for practice days and weekend racing. Dummy data for testing.,4220.48,https://picsum.photos/seed/mg64/800/800,Dirt Bikes,125cc,KTM,4 Stroke,,,
KTM 250cc 4 Stroke TE Dirt Bike (DB-0065),Track-Prepped KTM 250cc 4 Stroke motocross dirt bike. Ideal for practice days and weekend racing. Dummy data for testing.,6552.76,https://picsum.photos/seed/mg65/800/800,Dirt Bikes,250cc,KTM,4 Stroke,,,
Honda 250cc 2 Stroke RM Dirt Bike (DB-0066),Powerful Honda 250cc 2 Stroke motocross dirt bike. Ideal for practice days and weekend racing. Dummy data for testing.,3059.32,https://picsum.photos/seed/mg66/800/800,Dirt Bikes,250cc,Honda,2 Stroke,,,
KTM 125cc 2 Stroke YZ Dirt Bike (DB-0067),Freshly-Serviced KTM 125cc 2 Stroke motocross dirt bike. Ideal for practice days and weekend racing. Dummy data for testing.,2645.55,https://picsum.photos/seed/mg67/800/800,Dirt Bikes,125cc,KTM,2 Stroke,,,
KTM 125cc 2 Stroke TE Dirt Bike (DB-0068),Well-Maintained KTM 125cc 2 Stroke motocross dirt bike. Ideal for practice days and weekend racing. Dummy data for testing.,7815.82,https://picsum.photos/seed/mg68/800/800,Dirt Bikes,125cc,KTM,2 Stroke,,,
KTM 125cc 4 Stroke TC Dirt Bike (DB-0069),Lightweight KTM 125cc 4 Stroke motocross dirt bike. Ideal for practice days and weekend racing. Dummy data for testing.,3384.43,https://picsum.photos/seed/mg69/800/800,Dirt Bikes,125cc,KTM,4 Stroke,,,
Honda 125cc 4 Stroke YZ Dirt Bike (DB-0070),Freshly-Serviced Honda 125cc 4 Stroke motocross dirt bike. Ideal for practice days and weekend racing. Dummy data for testing.,7323.66,https://picsum.photos/seed/mg70/800/800,Dirt Bikes,125cc,Honda,4 Stroke,,,
Honda 250cc 2 Stroke SX Dirt Bike (DB-0071),Track-Prepped Honda 250cc 2 Stroke motocross dirt bike. Ideal for practice days and weekend racing. Dummy data for testing.,3299.03,https://picsum.photos/seed/mg71/800/800,Dirt Bikes,250cc,Honda,2 Stroke,,,
KTM 250cc 4 Stroke TC Dirt Bike (DB-0072),Track-Prepped KTM 250cc 4 Stroke motocross dirt bike. Ideal for practice days and weekend racing. Dummy data for testing.,7882.25,https://picsum.photos/seed/mg72/800/800,Dirt Bikes,250cc,KTM,4 Stroke,,,
KTM 250cc 4 Stroke YZ Dirt Bike (DB-0073),Agile KTM 250cc 4 Stroke motocross dirt bike. Ideal for practice days and weekend racing. Dummy data for testing.,7093.88,https://picsum.photos/seed/mg73/800/800,Dirt Bikes,250cc,KTM,4 Stroke,,,
Honda 250cc 4 Stroke TE Dirt Bike (DB-0074),Trail-Tuned Honda 250cc 4 Stroke motocross dirt bike. Ideal for practice days and weekend racing. Dummy data for testing.,6780.27,https://picsum.photos/seed/mg74/800/800,Dirt Bikes,250cc,Honda,4 Stroke,,,
KTM 125cc 4 Stroke KX Dirt Bike (DB-0075),Trail-Tuned KTM 125cc 4 Stroke motocross dirt bike. Ideal for practice days and weekend racing. Dummy data for testing.,3329.24,https://picsum.photos/seed/mg75/800/800,Dirt Bikes,125cc,KTM,4 Stroke,,,
KTM 125cc 2 Stroke YZ Dirt Bike (DB-0076),Trail-Tuned KTM 125cc 2 Stroke motocross dirt bike. Ideal for practice days and weekend racing. Dummy data for testing.,4988.21,https://picsum.photos/seed/mg76/800/800,Dirt Bikes,125cc,KTM,2 Stroke,,,
KTM 250cc 4 Stroke CRF Dirt Bike (DB-0077),Lightweight KTM 250cc 4 Stroke motocross dirt bike. Ideal for practice days and weekend racing. Dummy data for testing.,7496.35,https://picsum.photos/seed/mg77/800/800,Dirt Bikes,250cc,KTM,4 Stroke,,,
Honda 250cc 4 Stroke TE Dirt Bike (DB-0078),Race-Ready Honda 250cc 4 Stroke motocross dirt bike. Ideal for practice days and weekend racing. Dummy data for testing.,8155.45,https://picsum.photos/seed/mg78/800/800,Dirt Bikes,250cc,Honda,4 Stroke,,,
KTM 250cc 4 Stroke YZ Dirt Bike (DB-0079),Track-Prepped KTM 250cc 4 Stroke motocross dirt bike. Ideal for practice days and weekend racing. Dummy data for testing.,3815.53,https://picsum.photos/seed/mg79/800/800,Dirt Bikes,250cc,KTM,4 Stroke,,,
KTM 250cc 2 Stroke TC Dirt Bike (DB-0080),Powerful KTM 250cc 2 Stroke motocross dirt bike. Ideal for practice days and weekend racing. Dummy data for testing.,6512.24,https://picsum.photos/seed/mg80/800/800,Dirt Bikes,250cc,KTM,2 Stroke,,,
Honda 250cc 4 Stroke EXC Dirt Bike (DB-0081),Race-Ready Honda 250cc 4 Stroke motocross dirt bike. Ideal for practice days and weekend racing. Dummy data for testing.,7940.57,https://picsum.photos/seed/mg81/800/800,Dirt Bikes,250cc,Honda,4 Stroke,,,
Honda 125cc 4 Stroke EXC Dirt Bike (DB-0082),Track-Prepped Honda 125cc 4 Stroke motocross dirt bike. Ideal for practice days and weekend racing. Dummy data for testing.,3589.37,https://picsum.photos/seed/mg82/800/800,Dirt Bikes,125cc,Honda,4 Stroke,,,
KTM 250cc 4 Stroke YZ Dirt Bike (DB-0083),Track-Prepped KTM 250cc 4 Stroke motocross dirt bike. Ideal for practice days and weekend racing. Dummy data for testing.,4460.07,https://picsum.photos/seed/mg83/800/800,Dirt Bikes,250cc,KTM,4 Stroke,,,
KTM 250cc 4 Stroke RM Dirt Bike (DB-0084),Trail-Tuned KTM 250cc 4 Stroke motocross dirt bike. Ideal for practice days and weekend racing. Dummy data for testing.,5320.84,https://picsum.photos/seed/mg84/800/800,Dirt Bikes,250cc,KTM,4 Stroke,,,
KTM 125cc 2 Stroke SX Dirt Bike (DB-0085),Race-Ready KTM 125cc 2 Stroke motocross dirt bike. Ideal for practice days and weekend racing. Dummy data for testing.,7024.40,https://picsum.photos/seed/mg85/800/800,Dirt Bikes,125cc,KTM,2 Stroke,,,
Honda 125cc 2 Stroke EXC Dirt Bike (DB-0086),Lightweight Honda 125cc 2 Stroke motocross dirt bike. Ideal for practice days and weekend racing. Dummy data for testing.,3256.33,https://picsum.photos/seed/mg86/800/800,Dirt Bikes,125cc,Honda,2 Stroke,,,
Honda 125cc 4 Stroke RM Dirt Bike (DB-0087),Powerful Honda 125cc 4 Stroke motocross dirt bike. Ideal for practice days and weekend racing. Dummy data for testing.,3505.73,https://picsum.photos/seed/mg87/800/800,Dirt Bikes,125cc,Honda,4 Stroke,,,
Honda 125cc 4 Stroke SX Dirt Bike (DB-0088),Race-Ready Honda 125cc 4 Stroke motocross dirt bike. Ideal for practice days and weekend racing. Dummy data for testing.,8072.32,https://picsum.photos/seed/mg88/800/800,Dirt Bikes,125cc,Honda,4 Stroke,,,
Fox Racing Ventilated Helmet - Size L (HL-0001),Ventilated motocross helmet by Fox Racing in size L. Comfortable fit with solid airflow. Dummy data for testing.,475.99,https://picsum.photos/seed/mg89/800/800,Helmets,,,,L,Fox Racing,Male
100% Lightweight Helmet - Size S (HL-0002),Lightweight motocross helmet by 100% in size S. Comfortable fit with solid airflow. Dummy data for testing.,373.14,https://picsum.photos/seed/mg90/800/800,Helmets,,,,S,100%,Male
100% Full-Face Helmet - Size L (HL-0003),Full-Face motocross helmet by 100% in size L. Comfortable fit with solid airflow. Dummy data for testing.,375.84,https://picsum.photos/seed/mg91/800/800,Helmets,,,,L,100%,Male
100% Lightweight Helmet - Size M (HL-0004),Lightweight motocross helmet by 100% in size M. Comfortable fit with solid airflow. Dummy data for testing.,410.87,https://picsum.photos/seed/mg92/800/800,Helmets,,,,M,100%,Male
Fox Racing Race Helmet - Size M (HL-0005),Race motocross helmet by Fox Racing in size M. Comfortable fit with solid airflow. Dummy data for testing.,241.92,https://picsum.photos/seed/mg93/800/800,Helmets,,,,M,Fox Racing,Male
Fox Racing Full-Face Helmet - Size L (HL-0006),Full-Face motocross helmet by Fox Racing in size L. Comfortable fit with solid airflow. Dummy data for testing.,438.32,https://picsum.photos/seed/mg94/800/800,Helmets,,,,L,Fox Racing,Male
100% Ventilated Helmet - Size M (HL-0007),Ventilated motocross helmet by 100% in size M. Comfortable fit with solid airflow. Dummy data for testing.,483.91,https://picsum.photos/seed/mg95/800/800,Helmets,,,,M,100%,Male
Fox Racing Race Helmet - Size L (HL-0008),Race motocross helmet by Fox Racing in size L. Comfortable fit with solid airflow. Dummy data for testing.,152.72,https://picsum.photos/seed/mg96/800/800,Helmets,,,,L,Fox Racing,Male
Fox Racing Lightweight Helmet - Size S (HL-0009),Lightweight motocross helmet by Fox Racing in size S. Comfortable fit with solid airflow. Dummy data for testing.,421.35,https://picsum.photos/seed/mg97/800/800,Helmets,,,,S,Fox Racing,Male
Fox Racing Ventilated Helmet - Size L (HL-0010),Ventilated motocross helmet by Fox Racing in size L. Comfortable fit with solid airflow. Dummy data for testing.,268.58,https://picsum.photos/seed/mg98/800/800,Helmets,,,,L,Fox Racing,Male
Fox Racing Off-Road Helmet - Size L (HL-0011),Off-Road motocross helmet by Fox Racing in size L. Comfortable fit with solid airflow. Dummy data for testing.,439.19,https://picsum.photos/seed/mg99/800/800,Helmets,,,,L,Fox Racing,Male
Fox Racing Ventilated Helmet - Size S (HL-0012),Ventilated motocross helmet by Fox Racing in size S. Comfortable fit with solid airflow. Dummy data for testing.,189.97,https://picsum.photos/seed/mg100/800/800,Helmets,,,,S,Fox Racing,Male
Fox Racing Off-Road Helmet - Size M (HL-0013),Off-Road motocross helmet by Fox Racing in size M. Comfortable fit with solid airflow. Dummy data for testing.,101.76,https://picsum.photos/seed/mg101/800/800,Helmets,,,,M,Fox Racing,Male
100% Ventilated Helmet - Size M (HL-0014),Ventilated motocross helmet by 100% in size M. Comfortable fit with solid airflow. Dummy data for testing.,176.96,https://picsum.photos/seed/mg102/800/800,Helmets,,,,M,100%,Male
Fox Racing Off-Road Helmet - Size M (HL-0015),Off-Road motocross helmet by Fox Racing in size M. Comfortable fit with solid airflow. Dummy data for testing.,450.92,https://picsum.photos/seed/mg103/800/800,Helmets,,,,M,Fox Racing,Male
Fox Racing Lightweight Helmet - Size L (HL-0016),Lightweight motocross helmet by Fox Racing in size L. Comfortable fit with solid airflow. Dummy data for testing.,94.15,https://picsum.photos/seed/mg104/800/800,Helmets,,,,L,Fox Racing,Male
100% MX Helmet - Size S (HL-0017),MX motocross helmet by 100% in size S. Comfortable fit with solid airflow. Dummy data for testing.,385.22,https://picsum.photos/seed/mg105/800/800,Helmets,,,,S,100%,Male
100% Race Helmet - Size M (HL-0018),Race motocross helmet by 100% in size M. Comfortable fit with solid airflow. Dummy data for testing.,285.19,https://picsum.photos/seed/mg106/800/800,Helmets,,,,M,100%,Male
Fox Racing Ventilated Helmet - Size L (HL-0019),Ventilated motocross helmet by Fox Racing in size L. Comfortable fit with solid airflow. Dummy data for testing.,415.09,https://picsum.photos/seed/mg107/800/800,Helmets,,,,L,Fox Racing,Male
Fox Racing MX Helmet - Size S (HL-0020),MX motocross helmet by Fox Racing in size S. Comfortable fit with solid airflow. Dummy data for testing.,255.79,https://picsum.photos/seed/mg108/800/800,Helmets,,,,S,Fox Racing,Male
Fox Racing Race Helmet - Size S (HL-0021),Race motocross helmet by Fox Racing in size S. Comfortable fit with solid airflow. Dummy data for testing.,328.43,https://picsum.photos/seed/mg109/800/800,Helmets,,,,S,Fox Racing,Male
Fox Racing Ventilated Helmet - Size M (HL-0022),Ventilated motocross helmet by Fox Racing in size M. Comfortable fit with solid airflow. Dummy data for testing.,498.61,https://picsum.photos/seed/mg110/800/800,Helmets,,,,M,Fox Racing,Male
Fox Racing Off-Road Helmet - Size L (HL-0023),Off-Road motocross helmet by Fox Racing in size L. Comfortable fit with solid airflow. Dummy data for testing.,378.16,https://picsum.photos/seed/mg111/800/800,Helmets,,,,L,Fox Racing,Male
Fox Racing Off-Road Helmet - Size M (HL-0024),Off-Road motocross helmet by Fox Racing in size M. Comfortable fit with solid airflow. Dummy data for testing.,184.51,https://picsum.photos/seed/mg112/800/800,Helmets,,,,M,Fox Racing,Male
100% Off-Road Helmet - Size L (HL-0025),Off-Road motocross helmet by 100% in size L. Comfortable fit with solid airflow. Dummy data for testing.,139.01,https://picsum.photos/seed/mg113/800/800,Helmets,,,,L,100%,Male
100% MX Helmet - Size L (HL-0026),MX motocross helmet by 100% in size L. Comfortable fit with solid airflow. Dummy data for testing.,178.71,https://picsum.photos/seed/mg114/800/800,Helmets,,,,L,100%,Male
Fox Racing Race Helmet - Size M (HL-0027),Race motocross helmet by Fox Racing in size M. Comfortable fit with solid airflow. Dummy data for testing.,331.72,https://picsum.photos/seed/mg115/800/800,Helmets,,,,M,Fox Racing,Male
Fox Racing Full-Face Helmet - Size L (HL-0028),Full-Face motocross helmet by Fox Racing in size L. Comfortable fit with solid airflow. Dummy data for testing.,431.37,https://picsum.photos/seed/mg116/800/800,Helmets,,,,L,Fox Racing,Male
100% Off-Road Helmet - Size M (HL-0029),Off-Road motocross helmet by 100% in size M. Comfortable fit with solid airflow. Dummy data for testing.,163.56,https://picsum.photos/seed/mg117/800/800,Helmets,,,,M,100%,Male
100% Off-Road Helmet - Size S (HL-0030),Off-Road motocross helmet by 100% in size S. Comfortable fit with solid airflow. Dummy data for testing.,108.65,https://picsum.photos/seed/mg118/800/800,Helmets,,,,S,100%,Male
Fox Racing Race Helmet - Size S (HL-0031),Race motocross helmet by Fox Racing in size S. Comfortable fit with solid airflow. Dummy data for testing.,477.07,https://picsum.photos/seed/mg119/800/800,Helmets,,,,S,Fox Racing,Male
Fox Racing Full-Face Helmet - Size L (HL-0032),Full-Face motocross helmet by Fox Racing in size L. Comfortable fit with solid airflow. Dummy data for testing.,447.81,https://picsum.photos/seed/mg120/800/800,Helmets,,,,L,Fox Racing,Male
Fox Racing Ventilated Helmet - Size L (HL-0033),Ventilated motocross helmet by Fox Racing in size L. Comfortable fit with solid airflow. Dummy data for testing.,286.26,https://picsum.photos/seed/mg121/800/800,Helmets,,,,L,Fox Racing,Male
100% Full-Face Helmet - Size M (HL-0034),Full-Face motocross helmet by 100% in size M. Comfortable fit with solid airflow. Dummy data for testing.,193.51,https://picsum.photos/seed/mg122/800/800,Helmets,,,,M,100%,Male
100% Full-Face Helmet - Size M (HL-0035),Full-Face motocross helmet by 100% in size M. Comfortable fit with solid airflow. Dummy data for testing.,254.28,https://picsum.photos/seed/mg123/800/800,Helmets,,,,M,100%,Male
100% MX Helmet - Size S (HL-0036),MX motocross helmet by 100% in size S. Comfortable fit with solid airflow. Dummy data for testing.,151.16,https://picsum.photos/seed/mg124/800/800,Helmets,,,,S,100%,Male
Fox Racing Full-Face Helmet - Size L (HL-0037),Full-Face motocross helmet by Fox Racing in size L. Comfortable fit with solid airflow. Dummy data for testing.,497.50,https://picsum.photos/seed/mg125/800/800,Helmets,,,,L,Fox Racing,Male
Fox Racing Lightweight Helmet - Size S (HL-0038),Lightweight motocross helmet by Fox Racing in size S. Comfortable fit with solid airflow. Dummy data for testing.,334.40,https://picsum.photos/seed/mg126/800/800,Helmets,,,,S,Fox Racing,Male
100% Lightweight Helmet - Size L (HL-0039),Lightweight motocross helmet by 100% in size L. Comfortable fit with solid airflow. Dummy data for testing.,245.94,https://picsum.photos/seed/mg127/800/800,Helmets,,,,L,100%,Male
Fox Racing Lightweight Helmet - Size M (HL-0040),Lightweight motocross helmet by Fox Racing in size M. Comfortable fit with solid airflow. Dummy data for testing.,495.90,https://picsum.photos/seed/mg128/800/800,Helmets,,,,M,Fox Racing,Male
100% Lightweight Helmet - Size M (HL-0041),Lightweight motocross helmet by 100% in size M. Comfortable fit with solid airflow. Dummy data for testing.,483.63,https://picsum.photos/seed/mg129/800/800,Helmets,,,,M,100%,Male
100% Race Helmet - Size S (HL-0042),Race motocross helmet by 100% in size S. Comfortable fit with solid airflow. Dummy data for testing.,176.51,https://picsum.photos/seed/mg130/800/800,Helmets,,,,S,100%,Male
100% MX Helmet - Size L (HL-0043),MX motocross helmet by 100% in size L. Comfortable fit with solid airflow. Dummy data for testing.,188.33,https://picsum.photos/seed/mg131/800/800,Helmets,,,,L,100%,Male
100% MX Helmet - Size L (HL-0044),MX motocross helmet by 100% in size L. Comfortable fit with solid airflow. Dummy data for testing.,91.09,https://picsum.photos/seed/mg132/800/800,Helmets,,,,L,100%,Male
Fox Racing Off-Road Helmet - Size M (HL-0045),Off-Road motocross helmet by Fox Racing in size M. Comfortable fit with solid airflow. Dummy data for testing.,103.37,https://picsum.photos/seed/mg133/800/800,Helmets,,,,M,Fox Racing,Male
Fox Racing Race Helmet - Size M (HL-0046),Race motocross helmet by Fox Racing in size M. Comfortable fit with solid airflow. Dummy data for testing.,442.43,https://picsum.photos/seed/mg134/800/800,Helmets,,,,M,Fox Racing,Male
100% Off-Road Helmet - Size S (HL-0047),Off-Road motocross helmet by 100% in size S. Comfortable fit with solid airflow. Dummy data for testing.,413.00,https://picsum.photos/seed/mg135/800/800,Helmets,,,,S,100%,Male
100% Ventilated Helmet - Size L (HL-0048),Ventilated motocross helmet by 100% in size L. Comfortable fit with solid airflow. Dummy data for testing.,137.05,https://picsum.photos/seed/mg136/800/800,Helmets,,,,L,100%,Male
100% Off-Road Helmet - Size S (HL-0049),Off-Road motocross helmet by 100% in size S. Comfortable fit with solid airflow. Dummy data for testing.,428.91,https://picsum.photos/seed/mg137/800/800,Helmets,,,,S,100%,Male
100% MX Helmet - Size S (HL-0050),MX motocross helmet by 100% in size S. Comfortable fit with solid airflow. Dummy data for testing.,414.97,https://picsum.photos/seed/mg138/800/800,Helmets,,,,S,100%,Male
Fox Racing Ventilated Helmet - Size L (HL-0051),Ventilated motocross helmet by Fox Racing in size L. Comfortable fit with solid airflow. Dummy data for testing.,140.97,https://picsum.photos/seed/mg139/800/800,Helmets,,,,L,Fox Racing,Male
Fox Racing Race Helmet - Size L (HL-0052),Race motocross helmet by Fox Racing in size L. Comfortable fit with solid airflow. Dummy data for testing.,255.02,https://picsum.photos/seed/mg140/800/800,Helmets,,,,L,Fox Racing,Male
Fox Racing Ventilated Helmet - Size M (HL-0053),Ventilated motocross helmet by Fox Racing in size M. Comfortable fit with solid airflow. Dummy data for testing.,122.97,https://picsum.photos/seed/mg141/800/800,Helmets,,,,M,Fox Racing,Male
Fox Racing Race Helmet - Size S (HL-0054),Race motocross helmet by Fox Racing in size S. Comfortable fit with solid airflow. Dummy data for testing.,222.14,https://picsum.photos/seed/mg142/800/800,Helmets,,,,S,Fox Racing,Male
100% Full-Face Helmet - Size M (HL-0055),Full-Face motocross helmet by 100% in size M. Comfortable fit with solid airflow. Dummy data for testing.,183.85,https://picsum.photos/seed/mg143/800/800,Helmets,,,,M,100%,Male
100% Race Helmet - Size L (HL-0056),Race motocross helmet by 100% in size L. Comfortable fit with solid airflow. Dummy data for testing.,426.77,https://picsum.photos/seed/mg144/800/800,Helmets,,,,L,100%,Male
100% MX Helmet - Size L (HL-0057),MX motocross helmet by 100% in size L. Comfortable fit with solid airflow. Dummy data for testing.,282.90,https://picsum.photos/seed/mg145/800/800,Helmets,,,,L,100%,Male
Fox Racing Off-Road Helmet - Size L (HL-0058),Off-Road motocross helmet by Fox Racing in size L. Comfortable fit with solid airflow. Dummy data for testing.,164.40,https://picsum.photos/seed/mg146/800/800,Helmets,,,,L,Fox Racing,Male
Fox Racing Race Helmet - Size L (HL-0059),Race motocross helmet by Fox Racing in size L. Comfortable fit with solid airflow. Dummy data for testing.,423.83,https://picsum.photos/seed/mg147/800/800,Helmets,,,,L,Fox Racing,Male
Fox Racing Off-Road Helmet - Size S (HL-0060),Off-Road motocross helmet by Fox Racing in size S. Comfortable fit with solid airflow. Dummy data for testing.,257.41,https://picsum.photos/seed/mg148/800/800,Helmets,,,,S,Fox Racing,Male
100% MX Helmet - Size M (HL-0061),MX motocross helmet by 100% in size M. Comfortable fit with solid airflow. Dummy data for testing.,225.21,https://picsum.photos/seed/mg149/800/800,Helmets,,,,M,100%,Male
Fox Racing Off-Road Helmet - Size L (HL-0062),Off-Road motocross helmet by Fox Racing in size L. Comfortable fit with solid airflow. Dummy data for testing.,361.65,https://picsum.photos/seed/mg150/800/800,Helmets,,,,L,Fox Racing,Male
100% Ventilated Helmet - Size M (HL-0063),Ventilated motocross helmet by 100% in size M. Comfortable fit with solid airflow. Dummy data for testing.,126.09,https://picsum.photos/seed/mg151/800/800,Helmets,,,,M,100%,Male
Fox Racing Full-Face Helmet - Size M (HL-0064),Full-Face motocross helmet by Fox Racing in size M. Comfortable fit with solid airflow. Dummy data for testing.,487.77,https://picsum.photos/seed/mg152/800/800,Helmets,,,,M,Fox Racing,Male
100% Race Helmet - Size M (HL-0065),Race motocross helmet by 100% in size M. Comfortable fit with solid airflow. Dummy data for testing.,446.43,https://picsum.photos/seed/mg153/800/800,Helmets,,,,M,100%,Male
Fox Racing Full-Face Helmet - Size M (HL-0066),Full-Face motocross helmet by Fox Racing in size M. Comfortable fit with solid airflow. Dummy data for testing.,166.90,https://picsum.photos/seed/mg154/800/800,Helmets,,,,M,Fox Racing,Male
Fox Racing Race Helmet - Size M (HL-0067),Race motocross helmet by Fox Racing in size M. Comfortable fit with solid airflow. Dummy data for testing.,271.23,https://picsum.photos/seed/mg155/800/800,Helmets,,,,M,Fox Racing,Male
100% Off-Road Helmet - Size S (HL-0068),Off-Road motocross helmet by 100% in size S. Comfortable fit with solid airflow. Dummy data for testing.,315.17,https://picsum.photos/seed/mg156/800/800,Helmets,,,,S,100%,Male
Fox Racing Race Helmet - Size M (HL-0069),Race motocross helmet by Fox Racing in size M. Comfortable fit with solid airflow. Dummy data for testing.,288.72,https://picsum.photos/seed/mg157/800/800,Helmets,,,,M,Fox Racing,Male
100% Race Helmet - Size S (HL-0070),Race motocross helmet by 100% in size S. Comfortable fit with solid airflow. Dummy data for testing.,154.93,https://picsum.photos/seed/mg158/800/800,Helmets,,,,S,100%,Male
100% Lightweight Helmet - Size L (HL-0071),Lightweight motocross helmet by 100% in size L. Comfortable fit with solid airflow. Dummy data for testing.,257.27,https://picsum.photos/seed/mg159/800/800,Helmets,,,,L,100%,Male
100% Ventilated Helmet - Size S (HL-0072),Ventilated motocross helmet by 100% in size S. Comfortable fit with solid airflow. Dummy data for testing.,478.28,https://picsum.photos/seed/mg160/800/800,Helmets,,,,S,100%,Male
100% Ventilated Helmet - Size L (HL-0073),Ventilated motocross helmet by 100% in size L. Comfortable fit with solid airflow. Dummy data for testing.,472.38,https://picsum.photos/seed/mg161/800/800,Helmets,,,,L,100%,Male
Fox Racing Ventilated Helmet - Size M (HL-0074),Ventilated motocross helmet by Fox Racing in size M. Comfortable fit with solid airflow. Dummy data for testing.,432.23,https://picsum.photos/seed/mg162/800/800,Helmets,,,,M,Fox Racing,Male
100% Ventilated Helmet - Size M (HL-0075),Ventilated motocross helmet by 100% in size M. Comfortable fit with solid airflow. Dummy data for testing.,316.01,https://picsum.photos/seed/mg163/800/800,Helmets,,,,M,100%,Male
100% Lightweight Helmet - Size M (HL-0076),Lightweight motocross helmet by 100% in size M. Comfortable fit with solid airflow. Dummy data for testing.,298.37,https://picsum.photos/seed/mg164/800/800,Helmets,,,,M,100%,Male
100% Off-Road Helmet - Size S (HL-0077),Off-Road motocross helmet by 100% in size S. Comfortable fit with solid airflow. Dummy data for testing.,406.79,https://picsum.photos/seed/mg165/800/800,Helmets,,,,S,100%,Male
Fox Racing Lightweight Helmet - Size M (HL-0078),Lightweight motocross helmet by Fox Racing in size M. Comfortable fit with solid airflow. Dummy data for testing.,199.53,https://picsum.photos/seed/mg166/800/800,Helmets,,,,M,Fox Racing,Male
Fox Racing Race Helmet - Size S (HL-0079),Race motocross helmet by Fox Racing in size S. Comfortable fit with solid airflow. Dummy data for testing.,212.40,https://picsum.photos/seed/mg167/800/800,Helmets,,,,S,Fox Racing,Male
Fox Racing MX Helmet - Size L (HL-0080),MX motocross helmet by Fox Racing in size L. Comfortable fit with solid airflow. Dummy data for testing.,273.07,https://picsum.photos/seed/mg168/800/800,Helmets,,,,L,Fox Racing,Male
Fox Racing Off-Road Helmet - Size M (HL-0081),Off-Road motocross helmet by Fox Racing in size M. Comfortable fit with solid airflow. Dummy data for testing.,316.28,https://picsum.photos/seed/mg169/800/800,Helmets,,,,M,Fox Racing,Male
Fox Racing Ventilated Helmet - Size L (HL-0082),Ventilated motocross helmet by Fox Racing in size L. Comfortable fit with solid airflow. Dummy data for testing.,472.46,https://picsum.photos/seed/mg170/800/800,Helmets,,,,L,Fox Racing,Male
100% Lightweight Helmet - Size S (HL-0083),Lightweight motocross helmet by 100% in size S. Comfortable fit with solid airflow. Dummy data for testing.,247.01,https://picsum.photos/seed/mg171/800/800,Helmets,,,,S,100%,Male
100% Off-Road Helmet - Size M (HL-0084),Off-Road motocross helmet by 100% in size M. Comfortable fit with solid airflow. Dummy data for testing.,395.32,https://picsum.photos/seed/mg172/800/800,Helmets,,,,M,100%,Male
Fox Racing Ventilated Helmet - Size L (HL-0085),Ventilated motocross helmet by Fox Racing in size L. Comfortable fit with solid airflow. Dummy data for testing.,495.24,https://picsum.photos/seed/mg173/800/800,Helmets,,,,L,Fox Racing,Male
100% Ventilated Helmet - Size L (HL-0086),Ventilated motocross helmet by 100% in size L. Comfortable fit with solid airflow. Dummy data for testing.,485.57,https://picsum.photos/seed/mg174/800/800,Helmets,,,,L,100%,Male
Fox Racing Full-Face Helmet - Size S (HL-0087),Full-Face motocross helmet by Fox Racing in size S. Comfortable fit with solid airflow. Dummy data for testing.,448.41,https://picsum.photos/seed/mg175/800/800,Helmets,,,,S,Fox Racing,Male
100% Lightweight Helmet - Size M (HL-0088),Lightweight motocross helmet by 100% in size M. Comfortable fit with solid airflow. Dummy data for testing.,463.27,https://picsum.photos/seed/mg176/800/800,Helmets,,,,M,100%,Male
100% Ventilated Jersey - Size S (JR-0001),Ventilated motocross jersey by 100% in size S. Designed for movement and ventilation. Dummy data for testing.,116.44,https://picsum.photos/seed/mg177/800/800,Jerseys,,,,S,100%,Male
100% Ventilated Jersey - Size S (JR-0002),Ventilated motocross jersey by 100% in size S. Designed for movement and ventilation. Dummy data for testing.,107.05,https://picsum.photos/seed/mg178/800/800,Jerseys,,,,S,100%,Male
Fox Racing Race Jersey - Size M (JR-0003),Race motocross jersey by Fox Racing in size M. Designed for movement and ventilation. Dummy data for testing.,97.72,https://picsum.photos/seed/mg179/800/800,Jerseys,,,,M,Fox Racing,Male
100% Lightweight Jersey - Size L (JR-0004),Lightweight motocross jersey by 100% in size L. Designed for movement and ventilation. Dummy data for testing.,114.49,https://picsum.photos/seed/mg180/800/800,Jerseys,,,,L,100%,Male
Fox Racing Lightweight Jersey - Size L (JR-0005),Lightweight motocross jersey by Fox Racing in size L. Designed for movement and ventilation. Dummy data for testing.,90.80,https://picsum.photos/seed/mg181/800/800,Jerseys,,,,L,Fox Racing,Male
100% Race Jersey - Size M (JR-0006),Race motocross jersey by 100% in size M. Designed for movement and ventilation. Dummy data for testing.,32.17,https://picsum.photos/seed/mg182/800/800,Jerseys,,,,M,100%,Male
Fox Racing Moisture-Wicking Jersey - Size L (JR-0007),Moisture-Wicking motocross jersey by Fox Racing in size L. Designed for movement and ventilation. Dummy data for testing.,103.40,https://picsum.photos/seed/mg183/800/800,Jerseys,,,,L,Fox Racing,Male
100% Breathable Jersey - Size M (JR-0008),Breathable motocross jersey by 100% in size M. Designed for movement and ventilation. Dummy data for testing.,71.58,https://picsum.photos/seed/mg184/800/800,Jerseys,,,,M,100%,Male
Fox Racing Breathable Jersey - Size L (JR-0009),Breathable motocross jersey by Fox Racing in size L. Designed for movement and ventilation. Dummy data for testing.,29.82,https://picsum.photos/seed/mg185/800/800,Jerseys,,,,L,Fox Racing,Male
Fox Racing Lightweight Jersey - Size S (JR-0010),Lightweight motocross jersey by Fox Racing in size S. Designed for movement and ventilation. Dummy data for testing.,64.35,https://picsum.photos/seed/mg186/800/800,Jerseys,,,,S,Fox Racing,Male
100% Race Jersey - Size S (JR-0011),Race motocross jersey by 100% in size S. Designed for movement and ventilation. Dummy data for testing.,68.26,https://picsum.photos/seed/mg187/800/800,Jerseys,,,,S,100%,Male
100% Moisture-Wicking Jersey - Size L (JR-0012),Moisture-Wicking motocross jersey by 100% in size L. Designed for movement and ventilation. Dummy data for testing.,43.37,https://picsum.photos/seed/mg188/800/800,Jerseys,,,,L,100%,Male
Fox Racing Race Jersey - Size L (JR-0013),Race motocross jersey by Fox Racing in size L. Designed for movement and ventilation. Dummy data for testing.,96.72,https://picsum.photos/seed/mg189/800/800,Jerseys,,,,L,Fox Racing,Male
100% Moisture-Wicking Jersey - Size M (JR-0014),Moisture-Wicking motocross jersey by 100% in size M. Designed for movement and ventilation. Dummy data for testing.,73.41,https://picsum.photos/seed/mg190/800/800,Jerseys,,,,M,100%,Male
Fox Racing Lightweight Jersey - Size M (JR-0015),Lightweight motocross jersey by Fox Racing in size M. Designed for movement and ventilation. Dummy data for testing.,95.01,https://picsum.photos/seed/mg191/800/800,Jerseys,,,,M,Fox Racing,Male
Fox Racing Race Jersey - Size M (JR-0016),Race motocross jersey by Fox Racing in size M. Designed for movement and ventilation. Dummy data for testing.,41.58,https://picsum.photos/seed/mg192/800/800,Jerseys,,,,M,Fox Racing,Male
Fox Racing Race Jersey - Size M (JR-0017),Race motocross jersey by Fox Racing in size M. Designed for movement and ventilation. Dummy data for testing.,56.40,https://picsum.photos/seed/mg193/800/800,Jerseys,,,,M,Fox Racing,Male
Fox Racing Ventilated Jersey - Size M (JR-0018),Ventilated motocross jersey by Fox Racing in size M. Designed for movement and ventilation. Dummy data for testing.,113.75,https://picsum.photos/seed/mg194/800/800,Jerseys,,,,M,Fox Racing,Male
Fox Racing Ventilated Jersey - Size S (JR-0019),Ventilated motocross jersey by Fox Racing in size S. Designed for movement and ventilation. Dummy data for testing.,36.19,https://picsum.photos/seed/mg195/800/800,Jerseys,,,,S,Fox Racing,Male
Fox Racing Race Jersey - Size M (JR-0020),Race motocross jersey by Fox Racing in size M. Designed for movement and ventilation. Dummy data for testing.,56.06,https://picsum.photos/seed/mg196/800/800,Jerseys,,,,M,Fox Racing,Male
Fox Racing Breathable Jersey - Size L (JR-0021),Breathable motocross jersey by Fox Racing in size L. Designed for movement and ventilation. Dummy data for testing.,127.67,https://picsum.photos/seed/mg197/800/800,Jerseys,,,,L,Fox Racing,Male
Fox Racing Lightweight Jersey - Size L (JR-0022),Lightweight motocross jersey by Fox Racing in size L. Designed for movement and ventilation. Dummy data for testing.,25.84,https://picsum.photos/seed/mg198/800/800,Jerseys,,,,L,Fox Racing,Male
100% Race Jersey - Size L (JR-0023),Race motocross jersey by 100% in size L. Designed for movement and ventilation. Dummy data for testing.,103.23,https://picsum.photos/seed/mg199/800/800,Jerseys,,,,L,100%,Male
100% Race Jersey - Size M (JR-0024),Race motocross jersey by 100% in size M. Designed for movement and ventilation. Dummy data for testing.,109.19,https://picsum.photos/seed/mg200/800/800,Jerseys,,,,M,100%,Male
100% Race Jersey - Size S (JR-0025),Race motocross jersey by 100% in size S. Designed for movement and ventilation. Dummy data for testing.,51.31,https://picsum.photos/seed/mg201/800/800,Jerseys,,,,S,100%,Male
100% Breathable Jersey - Size L (JR-0026),Breathable motocross jersey by 100% in size L. Designed for movement and ventilation. Dummy data for testing.,119.85,https://picsum.photos/seed/mg202/800/800,Jerseys,,,,L,100%,Male
100% Lightweight Jersey - Size L (JR-0027),Lightweight motocross jersey by 100% in size L. Designed for movement and ventilation. Dummy data for testing.,107.79,https://picsum.photos/seed/mg203/800/800,Jerseys,,,,L,100%,Male
Fox Racing Moisture-Wicking Jersey - Size S (JR-0028),Moisture-Wicking motocross jersey by Fox Racing in size S. Designed for movement and ventilation. Dummy data for testing.,34.45,https://picsum.photos/seed/mg204/800/800,Jerseys,,,,S,Fox Racing,Male
Fox Racing Ventilated Jersey - Size M (JR-0029),Ventilated motocross jersey by Fox Racing in size M. Designed for movement and ventilation. Dummy data for testing.,43.43,https://picsum.photos/seed/mg205/800/800,Jerseys,,,,M,Fox Racing,Male
Fox Racing Race Jersey - Size S (JR-0030),Race motocross jersey by Fox Racing in size S. Designed for movement and ventilation. Dummy data for testing.,77.68,https://picsum.photos/seed/mg206/800/800,Jerseys,,,,S,Fox Racing,Male
100% Lightweight Jersey - Size M (JR-0031),Lightweight motocross jersey by 100% in size M. Designed for movement and ventilation. Dummy data for testing.,120.97,https://picsum.photos/seed/mg207/800/800,Jerseys,,,,M,100%,Male
Fox Racing Lightweight Jersey - Size M (JR-0032),Lightweight motocross jersey by Fox Racing in size M. Designed for movement and ventilation. Dummy data for testing.,109.43,https://picsum.photos/seed/mg208/800/800,Jerseys,,,,M,Fox Racing,Male
100% Moisture-Wicking Jersey - Size M (JR-0033),Moisture-Wicking motocross jersey by 100% in size M. Designed for movement and ventilation. Dummy data for testing.,104.18,https://picsum.photos/seed/mg209/800/800,Jerseys,,,,M,100%,Male
Fox Racing Race Jersey - Size S (JR-0034),Race motocross jersey by Fox Racing in size S. Designed for movement and ventilation. Dummy data for testing.,63.40,https://picsum.photos/seed/mg210/800/800,Jerseys,,,,S,Fox Racing,Male
100% Lightweight Jersey - Size M (JR-0035),Lightweight motocross jersey by 100% in size M. Designed for movement and ventilation. Dummy data for testing.,81.33,https://picsum.photos/seed/mg211/800/800,Jerseys,,,,M,100%,Male
Fox Racing Lightweight Jersey - Size M (JR-0036),Lightweight motocross jersey by Fox Racing in size M. Designed for movement and ventilation. Dummy data for testing.,86.37,https://picsum.photos/seed/mg212/800/800,Jerseys,,,,M,Fox Racing,Male
Fox Racing Breathable Jersey - Size L (JR-0037),Breathable motocross jersey by Fox Racing in size L. Designed for movement and ventilation. Dummy data for testing.,95.85,https://picsum.photos/seed/mg213/800/800,Jerseys,,,,L,Fox Racing,Male
100% Race Jersey - Size M (JR-0038),Race motocross jersey by 100% in size M. Designed for movement and ventilation. Dummy data for testing.,117.83,https://picsum.photos/seed/mg214/800/800,Jerseys,,,,M,100%,Male
Fox Racing Race Jersey - Size L (JR-0039),Race motocross jersey by Fox Racing in size L. Designed for movement and ventilation. Dummy data for testing.,48.23,https://picsum.photos/seed/mg215/800/800,Jerseys,,,,L,Fox Racing,Male
Fox Racing Lightweight Jersey - Size S (JR-0040),Lightweight motocross jersey by Fox Racing in size S. Designed for movement and ventilation. Dummy data for testing.,93.16,https://picsum.photos/seed/mg216/800/800,Jerseys,,,,S,Fox Racing,Male
100% Breathable Jersey - Size S (JR-0041),Breathable motocross jersey by 100% in size S. Designed for movement and ventilation. Dummy data for testing.,124.35,https://picsum.photos/seed/mg217/800/800,Jerseys,,,,S,100%,Male
Fox Racing Breathable Jersey - Size M (JR-0042),Breathable motocross jersey by Fox Racing in size M. Designed for movement and ventilation. Dummy data for testing.,35.20,https://picsum.photos/seed/mg218/800/800,Jerseys,,,,M,Fox Racing,Male
100% Ventilated Jersey - Size L (JR-0043),Ventilated motocross jersey by 100% in size L. Designed for movement and ventilation. Dummy data for testing.,72.62,https://picsum.photos/seed/mg219/800/800,Jerseys,,,,L,100%,Male
Fox Racing Race Jersey - Size L (JR-0044),Race motocross jersey by Fox Racing in size L. Designed for movement and ventilation. Dummy data for testing.,102.93,https://picsum.photos/seed/mg220/800/800,Jerseys,,,,L,Fox Racing,Male
Fox Racing Breathable Jersey - Size S (JR-0045),Breathable motocross jersey by Fox Racing in size S. Designed for movement and ventilation. Dummy data for testing.,112.53,https://picsum.photos/seed/mg221/800/800,Jerseys,,,,S,Fox Racing,Male
Fox Racing Lightweight Jersey - Size L (JR-0046),Lightweight motocross jersey by Fox Racing in size L. Designed for movement and ventilation. Dummy data for testing.,28.43,https://picsum.photos/seed/mg222/800/800,Jerseys,,,,L,Fox Racing,Male
100% Ventilated Jersey - Size M (JR-0047),Ventilated motocross jersey by 100% in size M. Designed for movement and ventilation. Dummy data for testing.,71.68,https://picsum.photos/seed/mg223/800/800,Jerseys,,,,M,100%,Male
Fox Racing Breathable Jersey - Size S (JR-0048),Breathable motocross jersey by Fox Racing in size S. Designed for movement and ventilation. Dummy data for testing.,127.99,https://picsum.photos/seed/mg224/800/800,Jerseys,,,,S,Fox Racing,Male
Fox Racing Breathable Jersey - Size M (JR-0049),Breathable motocross jersey by Fox Racing in size M. Designed for movement and ventilation. Dummy data for testing.,66.79,https://picsum.photos/seed/mg225/800/800,Jerseys,,,,M,Fox Racing,Male
100% Ventilated Jersey - Size S (JR-0050),Ventilated motocross jersey by 100% in size S. Designed for movement and ventilation. Dummy data for testing.,34.62,https://picsum.photos/seed/mg226/800/800,Jerseys,,,,S,100%,Male
100% Breathable Jersey - Size S (JR-0051),Breathable motocross jersey by 100% in size S. Designed for movement and ventilation. Dummy data for testing.,107.60,https://picsum.photos/seed/mg227/800/800,Jerseys,,,,S,100%,Male
100% Race Jersey - Size S (JR-0052),Race motocross jersey by 100% in size S. Designed for movement and ventilation. Dummy data for testing.,46.54,https://picsum.photos/seed/mg228/800/800,Jerseys,,,,S,100%,Male
100% Race Jersey - Size L (JR-0053),Race motocross jersey by 100% in size L. Designed for movement and ventilation. Dummy data for testing.,47.66,https://picsum.photos/seed/mg229/800/800,Jerseys,,,,L,100%,Male
Fox Racing Moisture-Wicking Jersey - Size S (JR-0054),Moisture-Wicking motocross jersey by Fox Racing in size S. Designed for movement and ventilation. Dummy data for testing.,107.80,https://picsum.photos/seed/mg230/800/800,Jerseys,,,,S,Fox Racing,Male
100% Lightweight Jersey - Size L (JR-0055),Lightweight motocross jersey by 100% in size L. Designed for movement and ventilation. Dummy data for testing.,115.12,https://picsum.photos/seed/mg231/800/800,Jerseys,,,,L,100%,Male
100% Race Jersey - Size S (JR-0056),Race motocross jersey by 100% in size S. Designed for movement and ventilation. Dummy data for testing.,51.31,https://picsum.photos/seed/mg232/800/800,Jerseys,,,,S,100%,Male
100% Breathable Jersey - Size S (JR-0057),Breathable motocross jersey by 100% in size S. Designed for movement and ventilation. Dummy data for testing.,38.83,https://picsum.photos/seed/mg233/800/800,Jerseys,,,,S,100%,Male
100% Race Jersey - Size M (JR-0058),Race motocross jersey by 100% in size M. Designed for movement and ventilation. Dummy data for testing.,58.99,https://picsum.photos/seed/mg234/800/800,Jerseys,,,,M,100%,Male
Fox Racing Breathable Jersey - Size S (JR-0059),Breathable motocross jersey by Fox Racing in size S. Designed for movement and ventilation. Dummy data for testing.,38.30,https://picsum.photos/seed/mg235/800/800,Jerseys,,,,S,Fox Racing,Male
100% Breathable Jersey - Size M (JR-0060),Breathable motocross jersey by 100% in size M. Designed for movement and ventilation. Dummy data for testing.,75.00,https://picsum.photos/seed/mg236/800/800,Jerseys,,,,M,100%,Male
100% Ventilated Jersey - Size M (JR-0061),Ventilated motocross jersey by 100% in size M. Designed for movement and ventilation. Dummy data for testing.,77.89,https://picsum.photos/seed/mg237/800/800,Jerseys,,,,M,100%,Male
100% Race Jersey - Size L (JR-0062),Race motocross jersey by 100% in size L. Designed for movement and ventilation. Dummy data for testing.,56.66,https://picsum.photos/seed/mg238/800/800,Jerseys,,,,L,100%,Male
100% Breathable Jersey - Size L (JR-0063),Breathable motocross jersey by 100% in size L. Designed for movement and ventilation. Dummy data for testing.,129.84,https://picsum.photos/seed/mg239/800/800,Jerseys,,,,L,100%,Male
Fox Racing Breathable Jersey - Size M (JR-0064),Breathable motocross jersey by Fox Racing in size M. Designed for movement and ventilation. Dummy data for testing.,76.47,https://picsum.photos/seed/mg240/800/800,Jerseys,,,,M,Fox Racing,Male
100% Breathable Jersey - Size M (JR-0065),Breathable motocross jersey by 100% in size M. Designed for movement and ventilation. Dummy data for testing.,58.81,https://picsum.photos/seed/mg241/800/800,Jerseys,,,,M,100%,Male
100% Moisture-Wicking Jersey - Size S (JR-0066),Moisture-Wicking motocross jersey by 100% in size S. Designed for movement and ventilation. Dummy data for testing.,53.87,https://picsum.photos/seed/mg242/800/800,Jerseys,,,,S,100%,Male
Fox Racing Ventilated Jersey - Size L (JR-0067),Ventilated motocross jersey by Fox Racing in size L. Designed for movement and ventilation. Dummy data for testing.,129.43,https://picsum.photos/seed/mg243/800/800,Jerseys,,,,L,Fox Racing,Male
Fox Racing Ventilated Jersey - Size L (JR-0068),Ventilated motocross jersey by Fox Racing in size L. Designed for movement and ventilation. Dummy data for testing.,78.07,https://picsum.photos/seed/mg244/800/800,Jerseys,,,,L,Fox Racing,Male
100% Breathable Jersey - Size M (JR-0069),Breathable motocross jersey by 100% in size M. Designed for movement and ventilation. Dummy data for testing.,114.53,https://picsum.photos/seed/mg245/800/800,Jerseys,,,,M,100%,Male
100% Ventilated Jersey - Size L (JR-0070),Ventilated motocross jersey by 100% in size L. Designed for movement and ventilation. Dummy data for testing.,72.40,https://picsum.photos/seed/mg246/800/800,Jerseys,,,,L,100%,Male
Fox Racing Lightweight Jersey - Size S (JR-0071),Lightweight motocross jersey by Fox Racing in size S. Designed for movement and ventilation. Dummy data for testing.,111.87,https://picsum.photos/seed/mg247/800/800,Jerseys,,,,S,Fox Racing,Male
Fox Racing Breathable Jersey - Size M (JR-0072),Breathable motocross jersey by Fox Racing in size M. Designed for movement and ventilation. Dummy data for testing.,57.81,https://picsum.photos/seed/mg248/800/800,Jerseys,,,,M,Fox Racing,Male
Fox Racing Lightweight Jersey - Size M (JR-0073),Lightweight motocross jersey by Fox Racing in size M. Designed for movement and ventilation. Dummy data for testing.,125.12,https://picsum.photos/seed/mg249/800/800,Jerseys,,,,M,Fox Racing,Male
Fox Racing Breathable Jersey - Size L (JR-0074),Breathable motocross jersey by Fox Racing in size L. Designed for movement and ventilation. Dummy data for testing.,34.57,https://picsum.photos/seed/mg250/800/800,Jerseys,,,,L,Fox Racing,Male
100% Ventilated Jersey - Size S (JR-0075),Ventilated motocross jersey by 100% in size S. Designed for movement and ventilation. Dummy data for testing.,35.13,https://picsum.photos/seed/mg251/800/800,Jerseys,,,,S,100%,Male
Fox Racing Moisture-Wicking Jersey - Size L (JR-0076),Moisture-Wicking motocross jersey by Fox Racing in size L. Designed for movement and ventilation. Dummy data for testing.,83.41,https://picsum.photos/seed/mg252/800/800,Jerseys,,,,L,Fox Racing,Male
Fox Racing Breathable Jersey - Size L (JR-0077),Breathable motocross jersey by Fox Racing in size L. Designed for movement and ventilation. Dummy data for testing.,68.12,https://picsum.photos/seed/mg253/800/800,Jerseys,,,,L,Fox Racing,Male
Fox Racing Breathable Jersey - Size L (JR-0078),Breathable motocross jersey by Fox Racing in size L. Designed for movement and ventilation. Dummy data for testing.,126.67,https://picsum.photos/seed/mg254/800/800,Jerseys,,,,L,Fox Racing,Male
Fox Racing Lightweight Jersey - Size L (JR-0079),Lightweight motocross jersey by Fox Racing in size L. Designed for movement and ventilation. Dummy data for testing.,35.87,https://picsum.photos/seed/mg255/800/800,Jerseys,,,,L,Fox Racing,Male
100% Moisture-Wicking Jersey - Size L (JR-0080),Moisture-Wicking motocross jersey by 100% in size L. Designed for movement and ventilation. Dummy data for testing.,93.95,https://picsum.photos/seed/mg256/800/800,Jerseys,,,,L,100%,Male
100% Lightweight Jersey - Size S (JR-0081),Lightweight motocross jersey by 100% in size S. Designed for movement and ventilation. Dummy data for testing.,113.75,https://picsum.photos/seed/mg257/800/800,Jerseys,,,,S,100%,Male
100% Lightweight Jersey - Size M (JR-0082),Lightweight motocross jersey by 100% in size M. Designed for movement and ventilation. Dummy data for testing.,85.27,https://picsum.photos/seed/mg258/800/800,Jerseys,,,,M,100%,Male
100% Race Jersey - Size M (JR-0083),Race motocross jersey by 100% in size M. Designed for movement and ventilation. Dummy data for testing.,122.54,https://picsum.photos/seed/mg259/800/800,Jerseys,,,,M,100%,Male
Fox Racing Breathable Jersey - Size L (JR-0084),Breathable motocross jersey by Fox Racing in size L. Designed for movement and ventilation. Dummy data for testing.,43.93,https://picsum.photos/seed/mg260/800/800,Jerseys,,,,L,Fox Racing,Male
Fox Racing Lightweight Jersey - Size L (JR-0085),Lightweight motocross jersey by Fox Racing in size L. Designed for movement and ventilation. Dummy data for testing.,61.85,https://picsum.photos/seed/mg261/800/800,Jerseys,,,,L,Fox Racing,Male
100% Race Jersey - Size S (JR-0086),Race motocross jersey by 100% in size S. Designed for movement and ventilation. Dummy data for testing.,94.01,https://picsum.photos/seed/mg262/800/800,Jerseys,,,,S,100%,Male
100% Breathable Jersey - Size S (JR-0087),Breathable motocross jersey by 100% in size S. Designed for movement and ventilation. Dummy data for testing.,34.62,https://picsum.photos/seed/mg263/800/800,Jerseys,,,,S,100%,Male
100% Race Gloves - Size L (GL-0001),Race motocross gloves by 100% in size L. Good bar feel and grip. Dummy data for testing.,33.88,https://picsum.photos/seed/mg264/800/800,Gloves,,,,L,100%,Male
100% Breathable Gloves - Size M (GL-0002),Breathable motocross gloves by 100% in size M. Good bar feel and grip. Dummy data for testing.,29.01,https://picsum.photos/seed/mg265/800/800,Gloves,,,,M,100%,Male
100% Grip Gloves - Size M (GL-0003),Grip motocross gloves by 100% in size M. Good bar feel and grip. Dummy data for testing.,21.99,https://picsum.photos/seed/mg266/800/800,Gloves,,,,M,100%,Male
100% Tactile Gloves - Size L (GL-0004),Tactile motocross gloves by 100% in size L. Good bar feel and grip. Dummy data for testing.,18.66,https://picsum.photos/seed/mg267/800/800,Gloves,,,,L,100%,Male
Fox Racing Race Gloves - Size M (GL-0005),Race motocross gloves by Fox Racing in size M. Good bar feel and grip. Dummy data for testing.,42.31,https://picsum.photos/seed/mg268/800/800,Gloves,,,,M,Fox Racing,Male
Fox Racing Lightweight Gloves - Size M (GL-0006),Lightweight motocross gloves by Fox Racing in size M. Good bar feel and grip. Dummy data for testing.,48.96,https://picsum.photos/seed/mg269/800/800,Gloves,,,,M,Fox Racing,Male
Fox Racing Race Gloves - Size S (GL-0007),Race motocross gloves by Fox Racing in size S. Good bar feel and grip. Dummy data for testing.,19.98,https://picsum.photos/seed/mg270/800/800,Gloves,,,,S,Fox Racing,Male
Fox Racing Durable Gloves - Size L (GL-0008),Durable motocross gloves by Fox Racing in size L. Good bar feel and grip. Dummy data for testing.,45.01,https://picsum.photos/seed/mg271/800/800,Gloves,,,,L,Fox Racing,Male
100% Race Gloves - Size S (GL-0009),Race motocross gloves by 100% in size S. Good bar feel and grip. Dummy data for testing.,59.29,https://picsum.photos/seed/mg272/800/800,Gloves,,,,S,100%,Male
100% Lightweight Gloves - Size S (GL-0010),Lightweight motocross gloves by 100% in size S. Good bar feel and grip. Dummy data for testing.,28.55,https://picsum.photos/seed/mg273/800/800,Gloves,,,,S,100%,Male
100% Breathable Gloves - Size S (GL-0011),Breathable motocross gloves by 100% in size S. Good bar feel and grip. Dummy data for testing.,28.02,https://picsum.photos/seed/mg274/800/800,Gloves,,,,S,100%,Male
100% Race Gloves - Size S (GL-0012),Race motocross gloves by 100% in size S. Good bar feel and grip. Dummy data for testing.,48.61,https://picsum.photos/seed/mg275/800/800,Gloves,,,,S,100%,Male
100% Race Gloves - Size S (GL-0013),Race motocross gloves by 100% in size S. Good bar feel and grip. Dummy data for testing.,38.96,https://picsum.photos/seed/mg276/800/800,Gloves,,,,S,100%,Male
Fox Racing Grip Gloves - Size S (GL-0014),Grip motocross gloves by Fox Racing in size S. Good bar feel and grip. Dummy data for testing.,32.86,https://picsum.photos/seed/mg277/800/800,Gloves,,,,S,Fox Racing,Male
100% Race Gloves - Size L (GL-0015),Race motocross gloves by 100% in size L. Good bar feel and grip. Dummy data for testing.,15.83,https://picsum.photos/seed/mg278/800/800,Gloves,,,,L,100%,Male
Fox Racing Durable Gloves - Size S (GL-0016),Durable motocross gloves by Fox Racing in size S. Good bar feel and grip. Dummy data for testing.,34.31,https://picsum.photos/seed/mg279/800/800,Gloves,,,,S,Fox Racing,Male
Fox Racing Breathable Gloves - Size M (GL-0017),Breathable motocross gloves by Fox Racing in size M. Good bar feel and grip. Dummy data for testing.,20.17,https://picsum.photos/seed/mg280/800/800,Gloves,,,,M,Fox Racing,Male
Fox Racing Lightweight Gloves - Size S (GL-0018),Lightweight motocross gloves by Fox Racing in size S. Good bar feel and grip. Dummy data for testing.,51.05,https://picsum.photos/seed/mg281/800/800,Gloves,,,,S,Fox Racing,Male
Fox Racing Tactile Gloves - Size L (GL-0019),Tactile motocross gloves by Fox Racing in size L. Good bar feel and grip. Dummy data for testing.,56.38,https://picsum.photos/seed/mg282/800/800,Gloves,,,,L,Fox Racing,Male
Fox Racing Grip Gloves - Size S (GL-0020),Grip motocross gloves by Fox Racing in size S. Good bar feel and grip. Dummy data for testing.,25.94,https://picsum.photos/seed/mg283/800/800,Gloves,,,,S,Fox Racing,Male
Fox Racing Durable Gloves - Size L (GL-0021),Durable motocross gloves by Fox Racing in size L. Good bar feel and grip. Dummy data for testing.,18.53,https://picsum.photos/seed/mg284/800/800,Gloves,,,,L,Fox Racing,Male
Fox Racing Lightweight Gloves - Size M (GL-0022),Lightweight motocross gloves by Fox Racing in size M. Good bar feel and grip. Dummy data for testing.,29.98,https://picsum.photos/seed/mg285/800/800,Gloves,,,,M,Fox Racing,Male
100% Durable Gloves - Size S (GL-0023),Durable motocross gloves by 100% in size S. Good bar feel and grip. Dummy data for testing.,43.49,https://picsum.photos/seed/mg286/800/800,Gloves,,,,S,100%,Male
100% Breathable Gloves - Size L (GL-0024),Breathable motocross gloves by 100% in size L. Good bar feel and grip. Dummy data for testing.,30.79,https://picsum.photos/seed/mg287/800/800,Gloves,,,,L,100%,Male
100% Lightweight Gloves - Size L (GL-0025),Lightweight motocross gloves by 100% in size L. Good bar feel and grip. Dummy data for testing.,19.62,https://picsum.photos/seed/mg288/800/800,Gloves,,,,L,100%,Male
100% Lightweight Gloves - Size M (GL-0026),Lightweight motocross gloves by 100% in size M. Good bar feel and grip. Dummy data for testing.,42.10,https://picsum.photos/seed/mg289/800/800,Gloves,,,,M,100%,Male
100% Lightweight Gloves - Size L (GL-0027),Lightweight motocross gloves by 100% in size L. Good bar feel and grip. Dummy data for testing.,57.80,https://picsum.photos/seed/mg290/800/800,Gloves,,,,L,100%,Male
Fox Racing Race Gloves - Size L (GL-0028),Race motocross gloves by Fox Racing in size L. Good bar feel and grip. Dummy data for testing.,48.94,https://picsum.photos/seed/mg291/800/800,Gloves,,,,L,Fox Racing,Male
Fox Racing Tactile Gloves - Size L (GL-0029),Tactile motocross gloves by Fox Racing in size L. Good bar feel and grip. Dummy data for testing.,56.58,https://picsum.photos/seed/mg292/800/800,Gloves,,,,L,Fox Racing,Male
Fox Racing Tactile Gloves - Size L (GL-0030),Tactile motocross gloves by Fox Racing in size L. Good bar feel and grip. Dummy data for testing.,29.22,https://picsum.photos/seed/mg293/800/800,Gloves,,,,L,Fox Racing,Male
100% Race Gloves - Size M (GL-0031),Race motocross gloves by 100% in size M. Good bar feel and grip. Dummy data for testing.,34.89,https://picsum.photos/seed/mg294/800/800,Gloves,,,,M,100%,Male
Fox Racing Durable Gloves - Size M (GL-0032),Durable motocross gloves by Fox Racing in size M. Good bar feel and grip. Dummy data for testing.,17.52,https://picsum.photos/seed/mg295/800/800,Gloves,,,,M,Fox Racing,Male
100% Breathable Gloves - Size L (GL-0033),Breathable motocross gloves by 100% in size L. Good bar feel and grip. Dummy data for testing.,35.77,https://picsum.photos/seed/mg296/800/800,Gloves,,,,L,100%,Male
100% Breathable Gloves - Size S (GL-0034),Breathable motocross gloves by 100% in size S. Good bar feel and grip. Dummy data for testing.,52.42,https://picsum.photos/seed/mg297/800/800,Gloves,,,,S,100%,Male
100% Durable Gloves - Size S (GL-0035),Durable motocross gloves by 100% in size S. Good bar feel and grip. Dummy data for testing.,41.72,https://picsum.photos/seed/mg298/800/800,Gloves,,,,S,100%,Male
Fox Racing Durable Gloves - Size M (GL-0036),Durable motocross gloves by Fox Racing in size M. Good bar feel and grip. Dummy data for testing.,39.93,https://picsum.photos/seed/mg299/800/800,Gloves,,,,M,Fox Racing,Male
100% Race Gloves - Size L (GL-0037),Race motocross gloves by 100% in size L. Good bar feel and grip. Dummy data for testing.,55.90,https://picsum.photos/seed/mg300/800/800,Gloves,,,,L,100%,Male
100% Breathable Gloves - Size L (GL-0038),Breathable motocross gloves by 100% in size L. Good bar feel and grip. Dummy data for testing.,42.22,https://picsum.photos/seed/mg301/800/800,Gloves,,,,L,100%,Male
100% Grip Gloves - Size L (GL-0039),Grip motocross gloves by 100% in size L. Good bar feel and grip. Dummy data for testing.,35.26,https://picsum.photos/seed/mg302/800/800,Gloves,,,,L,100%,Male
100% Durable Gloves - Size M (GL-0040),Durable motocross gloves by 100% in size M. Good bar feel and grip. Dummy data for testing.,44.07,https://picsum.photos/seed/mg303/800/800,Gloves,,,,M,100%,Male
100% Tactile Gloves - Size S (GL-0041),Tactile motocross gloves by 100% in size S. Good bar feel and grip. Dummy data for testing.,34.69,https://picsum.photos/seed/mg304/800/800,Gloves,,,,S,100%,Male
100% Breathable Gloves - Size M (GL-0042),Breathable motocross gloves by 100% in size M. Good bar feel and grip. Dummy data for testing.,31.77,https://picsum.photos/seed/mg305/800/800,Gloves,,,,M,100%,Male
Fox Racing Race Gloves - Size M (GL-0043),Race motocross gloves by Fox Racing in size M. Good bar feel and grip. Dummy data for testing.,49.84,https://picsum.photos/seed/mg306/800/800,Gloves,,,,M,Fox Racing,Male
100% Tactile Gloves - Size L (GL-0044),Tactile motocross gloves by 100% in size L. Good bar feel and grip. Dummy data for testing.,44.12,https://picsum.photos/seed/mg307/800/800,Gloves,,,,L,100%,Male
Fox Racing Grip Gloves - Size S (GL-0045),Grip motocross gloves by Fox Racing in size S. Good bar feel and grip. Dummy data for testing.,40.10,https://picsum.photos/seed/mg308/800/800,Gloves,,,,S,Fox Racing,Male
Fox Racing Breathable Gloves - Size M (GL-0046),Breathable motocross gloves by Fox Racing in size M. Good bar feel and grip. Dummy data for testing.,47.56,https://picsum.photos/seed/mg309/800/800,Gloves,,,,M,Fox Racing,Male
100% Breathable Gloves - Size L (GL-0047),Breathable motocross gloves by 100% in size L. Good bar feel and grip. Dummy data for testing.,18.66,https://picsum.photos/seed/mg310/800/800,Gloves,,,,L,100%,Male
100% Breathable Gloves - Size L (GL-0048),Breathable motocross gloves by 100% in size L. Good bar feel and grip. Dummy data for testing.,28.95,https://picsum.photos/seed/mg311/800/800,Gloves,,,,L,100%,Male
Fox Racing Lightweight Gloves - Size L (GL-0049),Lightweight motocross gloves by Fox Racing in size L. Good bar feel and grip. Dummy data for testing.,41.77,https://picsum.photos/seed/mg312/800/800,Gloves,,,,L,Fox Racing,Male
Fox Racing Durable Gloves - Size S (GL-0050),Durable motocross gloves by Fox Racing in size S. Good bar feel and grip. Dummy data for testing.,31.94,https://picsum.photos/seed/mg313/800/800,Gloves,,,,S,Fox Racing,Male
100% Tactile Gloves - Size M (GL-0051),Tactile motocross gloves by 100% in size M. Good bar feel and grip. Dummy data for testing.,46.62,https://picsum.photos/seed/mg314/800/800,Gloves,,,,M,100%,Male
100% Tactile Gloves - Size L (GL-0052),Tactile motocross gloves by 100% in size L. Good bar feel and grip. Dummy data for testing.,45.16,https://picsum.photos/seed/mg315/800/800,Gloves,,,,L,100%,Male
Fox Racing Grip Gloves - Size L (GL-0053),Grip motocross gloves by Fox Racing in size L. Good bar feel and grip. Dummy data for testing.,31.31,https://picsum.photos/seed/mg316/800/800,Gloves,,,,L,Fox Racing,Male
100% Breathable Gloves - Size S (GL-0054),Breathable motocross gloves by 100% in size S. Good bar feel and grip. Dummy data for testing.,57.64,https://picsum.photos/seed/mg317/800/800,Gloves,,,,S,100%,Male
100% Lightweight Gloves - Size M (GL-0055),Lightweight motocross gloves by 100% in size M. Good bar feel and grip. Dummy data for testing.,59.99,https://picsum.photos/seed/mg318/800/800,Gloves,,,,M,100%,Male
100% Breathable Gloves - Size S (GL-0056),Breathable motocross gloves by 100% in size S. Good bar feel and grip. Dummy data for testing.,52.99,https://picsum.photos/seed/mg319/800/800,Gloves,,,,S,100%,Male
100% Tactile Gloves - Size S (GL-0057),Tactile motocross gloves by 100% in size S. Good bar feel and grip. Dummy data for testing.,30.14,https://picsum.photos/seed/mg320/800/800,Gloves,,,,S,100%,Male
100% Durable Gloves - Size L (GL-0058),Durable motocross gloves by 100% in size L. Good bar feel and grip. Dummy data for testing.,31.94,https://picsum.photos/seed/mg321/800/800,Gloves,,,,L,100%,Male
100% Tactile Gloves - Size S (GL-0059),Tactile motocross gloves by 100% in size S. Good bar feel and grip. Dummy data for testing.,49.69,https://picsum.photos/seed/mg322/800/800,Gloves,,,,S,100%,Male
Fox Racing Grip Gloves - Size S (GL-0060),Grip motocross gloves by Fox Racing in size S. Good bar feel and grip. Dummy data for testing.,33.48,https://picsum.photos/seed/mg323/800/800,Gloves,,,,S,Fox Racing,Male
100% Race Gloves - Size L (GL-0061),Race motocross gloves by 100% in size L. Good bar feel and grip. Dummy data for testing.,42.47,https://picsum.photos/seed/mg324/800/800,Gloves,,,,L,100%,Male
Fox Racing Lightweight Gloves - Size L (GL-0062),Lightweight motocross gloves by Fox Racing in size L. Good bar feel and grip. Dummy data for testing.,39.02,https://picsum.photos/seed/mg325/800/800,Gloves,,,,L,Fox Racing,Male
Fox Racing Lightweight Gloves - Size M (GL-0063),Lightweight motocross gloves by Fox Racing in size M. Good bar feel and grip. Dummy data for testing.,31.54,https://picsum.photos/seed/mg326/800/800,Gloves,,,,M,Fox Racing,Male
Fox Racing Race Gloves - Size L (GL-0064),Race motocross gloves by Fox Racing in size L. Good bar feel and grip. Dummy data for testing.,49.61,https://picsum.photos/seed/mg327/800/800,Gloves,,,,L,Fox Racing,Male
Fox Racing Lightweight Gloves - Size M (GL-0065),Lightweight motocross gloves by Fox Racing in size M. Good bar feel and grip. Dummy data for testing.,51.75,https://picsum.photos/seed/mg328/800/800,Gloves,,,,M,Fox Racing,Male
100% Breathable Gloves - Size L (GL-0066),Breathable motocross gloves by 100% in size L. Good bar feel and grip. Dummy data for testing.,17.34,https://picsum.photos/seed/mg329/800/800,Gloves,,,,L,100%,Male
Fox Racing Durable Gloves - Size M (GL-0067),Durable motocross gloves by Fox Racing in size M. Good bar feel and grip. Dummy data for testing.,57.03,https://picsum.photos/seed/mg330/800/800,Gloves,,,,M,Fox Racing,Male
100% Breathable Gloves - Size L (GL-0068),Breathable motocross gloves by 100% in size L. Good bar feel and grip. Dummy data for testing.,18.76,https://picsum.photos/seed/mg331/800/800,Gloves,,,,L,100%,Male
Fox Racing Race Gloves - Size S (GL-0069),Race motocross gloves by Fox Racing in size S. Good bar feel and grip. Dummy data for testing.,55.73,https://picsum.photos/seed/mg332/800/800,Gloves,,,,S,Fox Racing,Male
Fox Racing Grip Gloves - Size S (GL-0070),Grip motocross gloves by Fox Racing in size S. Good bar feel and grip. Dummy data for testing.,57.58,https://picsum.photos/seed/mg333/800/800,Gloves,,,,S,Fox Racing,Male
Fox Racing Breathable Gloves - Size S (GL-0071),Breathable motocross gloves by Fox Racing in size S. Good bar feel and grip. Dummy data for testing.,56.86,https://picsum.photos/seed/mg334/800/800,Gloves,,,,S,Fox Racing,Male
100% Race Gloves - Size M (GL-0072),Race motocross gloves by 100% in size M. Good bar feel and grip. Dummy data for testing.,37.58,https://picsum.photos/seed/mg335/800/800,Gloves,,,,M,100%,Male
Fox Racing Grip Gloves - Size S (GL-0073),Grip motocross gloves by Fox Racing in size S. Good bar feel and grip. Dummy data for testing.,31.86,https://picsum.photos/seed/mg336/800/800,Gloves,,,,S,Fox Racing,Male
Fox Racing Grip Gloves - Size S (GL-0074),Grip motocross gloves by Fox Racing in size S. Good bar feel and grip. Dummy data for testing.,52.75,https://picsum.photos/seed/mg337/800/800,Gloves,,,,S,Fox Racing,Male
Fox Racing Lightweight Gloves - Size L (GL-0075),Lightweight motocross gloves by Fox Racing in size L. Good bar feel and grip. Dummy data for testing.,21.18,https://picsum.photos/seed/mg338/800/800,Gloves,,,,L,Fox Racing,Male
Fox Racing Tactile Gloves - Size M (GL-0076),Tactile motocross gloves by Fox Racing in size M. Good bar feel and grip. Dummy data for testing.,52.39,https://picsum.photos/seed/mg339/800/800,Gloves,,,,M,Fox Racing,Male
Fox Racing Race Gloves - Size L (GL-0077),Race motocross gloves by Fox Racing in size L. Good bar feel and grip. Dummy data for testing.,42.68,https://picsum.photos/seed/mg340/800/800,Gloves,,,,L,Fox Racing,Male
100% Breathable Gloves - Size S (GL-0078),Breathable motocross gloves by 100% in size S. Good bar feel and grip. Dummy data for testing.,24.69,https://picsum.photos/seed/mg341/800/800,Gloves,,,,S,100%,Male
Fox Racing Grip Gloves - Size S (GL-0079),Grip motocross gloves by Fox Racing in size S. Good bar feel and grip. Dummy data for testing.,49.92,https://picsum.photos/seed/mg342/800/800,Gloves,,,,S,Fox Racing,Male
Fox Racing Grip Gloves - Size S (GL-0080),Grip motocross gloves by Fox Racing in size S. Good bar feel and grip. Dummy data for testing.,17.14,https://picsum.photos/seed/mg343/800/800,Gloves,,,,S,Fox Racing,Male
Fox Racing Grip Gloves - Size M (GL-0081),Grip motocross gloves by Fox Racing in size M. Good bar feel and grip. Dummy data for testing.,19.98,https://picsum.photos/seed/mg344/800/800,Gloves,,,,M,Fox Racing,Male
100% Tactile Gloves - Size M (GL-0082),Tactile motocross gloves by 100% in size M. Good bar feel and grip. Dummy data for testing.,38.18,https://picsum.photos/seed/mg345/800/800,Gloves,,,,M,100%,Male
100% Breathable Gloves - Size S (GL-0083),Breathable motocross gloves by 100% in size S. Good bar feel and grip. Dummy data for testing.,34.31,https://picsum.photos/seed/mg346/800/800,Gloves,,,,S,100%,Male
Fox Racing Lightweight Gloves - Size L (GL-0084),Lightweight motocross gloves by Fox Racing in size L. Good bar feel and grip. Dummy data for testing.,40.67,https://picsum.photos/seed/mg347/800/800,Gloves,,,,L,Fox Racing,Male
100% Durable Gloves - Size S (GL-0085),Durable motocross gloves by 100% in size S. Good bar feel and grip. Dummy data for testing.,58.85,https://picsum.photos/seed/mg348/800/800,Gloves,,,,S,100%,Male
100% Race Gloves - Size S (GL-0086),Race motocross gloves by 100% in size S. Good bar feel and grip. Dummy data for testing.,54.29,https://picsum.photos/seed/mg349/800/800,Gloves,,,,S,100%,Male
Fox Racing Breathable Gloves - Size S (GL-0087),Breathable motocross gloves by Fox Racing in size S. Good bar feel and grip. Dummy data for testing.,26.40,https://picsum.photos/seed/mg350/800/800,Gloves,,,,S,Fox Racing,Male
